Cluster,feature_1,feature_2,feature_3,feature_4,feature_5
0,0.615632944685696,0.2992927545949314,-0.27409170347494854,-0.2405550563176264,-0.6338117836981872
1,-0.5607425959574621,-0.28673798499515757,0.5997514788572728,-0.5349200309897273,0.10511282875066524
2,-0.12720717737400675,-0.02084459931099501,-0.36262248366411576,0.7860395499342737,0.7001071314800815
